Title,URL
NGINX One,https://docs.nginx.com/nginx-one
NGINX Plus,https://docs.nginx.com/nginx
NGINX Instance Manager,https://docs.nginx.com/nginx-instance-manager
NGINX Ingress Controller,https://docs.nginx.com/nginx-ingress-controller
NGINX Gateway Fabric,https://docs.nginx.com/nginx-gateway-fabric
NGINX Agent,https://docs.nginx.com/nginx-agent
NGINX Subscription Licensing,https://docs.nginx.com/solutions
NGINX App Protect WAF,https://docs.nginx.com/nginx-app-protect-waf
NGINX App Protect DoS,https://docs.nginx.com/nginx-app-protect-dos
NGINXaaS for Azure,https://docs.nginx.com/nginxaas/azure